,accounter,LoopSpeedArr,UploadSpeedArr,gps_info,set_index,Ax,Ay,Az,gx,gy,gz,temp,timingForThisSet,timeDifference
0,124,170,110,{'Button': {'on': 'On'}},0,-0.85,9.10,-4.31,-0.33,0.31,0.43,30.08,3.00,
1,124,170,110,{'Button': {'on': 'On'}},1,-0.71,8.92,-4.25,-0.34,0.31,0.41,29.99,3.00,
2,124,170,110,{'Button': {'on': 'On'}},2,-0.66,8.95,-4.24,-0.35,0.32,0.40,30.08,3.00,
3,124,170,110,{'Button': {'on': 'On'}},3,-0.81,8.86,-4.12,-0.34,0.32,0.38,29.94,3.00,
4,124,170,110,{'Button': {'on': 'On'}},4,-0.71,8.78,-4.25,-0.36,0.32,0.36,29.99,3.00,
5,124,170,110,{'Button': {'on': 'On'}},5,-0.71,8.79,-4.27,-0.36,0.31,0.33,29.99,3.00,
6,124,170,110,{'Button': {'on': 'On'}},6,-0.60,8.73,-4.33,-0.37,0.31,0.31,29.85,3.00,
7,124,170,110,{'Button': {'on': 'On'}},7,-0.58,8.79,-4.31,-0.38,0.31,0.28,30.04,3.00,
8,124,170,110,{'Button': {'on': 'On'}},8,-0.50,8.67,-4.22,-0.38,0.32,0.25,29.99,3.00,
9,124,170,110,{'Button': {'on': 'On'}},9,-0.45,8.52,-3.88,-0.39,0.30,0.21,29.89,3.00,
10,124,170,110,{'Button': {'on': 'On'}},10,-0.53,8.52,-3.90,-0.38,0.28,0.17,30.04,2.00,
11,124,170,110,{'Button': {'on': 'On'}},11,-0.57,8.70,-4.08,-0.38,0.27,0.14,29.94,3.00,
12,124,170,110,{'Button': {'on': 'On'}},12,-0.68,8.65,-3.85,-0.39,0.26,0.12,30.08,3.00,
13,124,170,110,{'Button': {'on': 'On'}},13,-0.49,8.61,-3.63,-0.37,0.25,0.09,29.99,3.00,
14,124,170,110,{'Button': {'on': 'On'}},14,-0.50,8.66,-3.72,-0.37,0.23,0.06,30.04,3.00,
15,124,170,110,{'Button': {'on': 'On'}},15,-0.51,8.59,-3.52,-0.36,0.22,0.04,29.85,3.00,
16,124,170,110,{'Button': {'on': 'On'}},16,-0.54,8.65,-3.84,-0.36,0.20,0.02,29.94,3.00,
17,124,170,110,{'Button': {'on': 'On'}},17,-0.47,8.66,-3.67,-0.35,0.18,-0.01,29.99,3.00,
18,124,170,110,{'Button': {'on': 'On'}},18,-0.40,8.70,-3.66,-0.34,0.18,-0.03,29.99,3.00,
19,124,170,110,{'Button': {'on': 'On'}},19,-0.46,8.78,-3.82,-0.34,0.17,-0.05,30.04,3.00,
20,123,170,110,{'Button': {'on': 'On'}},0,-0.85,9.10,-4.31,-0.33,0.31,0.43,30.08,3.00,
21,123,170,110,{'Button': {'on': 'On'}},1,-0.71,8.92,-4.25,-0.34,0.31,0.41,29.99,3.00,
22,123,170,110,{'Button': {'on': 'On'}},2,-0.66,8.95,-4.24,-0.35,0.32,0.40,30.08,3.00,
23,123,170,110,{'Button': {'on': 'On'}},3,-0.81,8.86,-4.12,-0.34,0.32,0.38,29.94,3.00,
24,123,170,110,{'Button': {'on': 'On'}},4,-0.71,8.78,-4.25,-0.36,0.32,0.36,29.99,3.00,
25,123,170,110,{'Button': {'on': 'On'}},5,-0.71,8.79,-4.27,-0.36,0.31,0.33,29.99,3.00,
26,123,170,110,{'Button': {'on': 'On'}},6,-0.60,8.73,-4.33,-0.37,0.31,0.31,29.85,3.00,
27,123,170,110,{'Button': {'on': 'On'}},7,-0.58,8.79,-4.31,-0.38,0.31,0.28,30.04,3.00,
28,123,170,110,{'Button': {'on': 'On'}},8,-0.50,8.67,-4.22,-0.38,0.32,0.25,29.99,3.00,
29,123,170,110,{'Button': {'on': 'On'}},9,-0.45,8.52,-3.88,-0.39,0.30,0.21,29.89,3.00,
30,123,170,110,{'Button': {'on': 'On'}},10,-0.53,8.52,-3.90,-0.38,0.28,0.17,30.04,2.00,
31,123,170,110,{'Button': {'on': 'On'}},11,-0.57,8.70,-4.08,-0.38,0.27,0.14,29.94,3.00,
32,123,170,110,{'Button': {'on': 'On'}},12,-0.68,8.65,-3.85,-0.39,0.26,0.12,30.08,3.00,
33,123,170,110,{'Button': {'on': 'On'}},13,-0.49,8.61,-3.63,-0.37,0.25,0.09,29.99,3.00,
34,123,170,110,{'Button': {'on': 'On'}},14,-0.50,8.66,-3.72,-0.37,0.23,0.06,30.04,3.00,
35,123,170,110,{'Button': {'on': 'On'}},15,-0.51,8.59,-3.52,-0.36,0.22,0.04,29.85,3.00,
36,123,170,110,{'Button': {'on': 'On'}},16,-0.54,8.65,-3.84,-0.36,0.20,0.02,29.94,3.00,
37,123,170,110,{'Button': {'on': 'On'}},17,-0.47,8.66,-3.67,-0.35,0.18,-0.01,29.99,3.00,
38,123,170,110,{'Button': {'on': 'On'}},18,-0.40,8.70,-3.66,-0.34,0.18,-0.03,29.99,3.00,
39,123,170,110,{'Button': {'on': 'On'}},19,-0.46,8.78,-3.82,-0.34,0.17,-0.05,30.04,3.00,
40,122,187,126,{'Button': {'on': 'On'}},0,-0.70,8.80,-3.60,0.80,-0.39,-0.70,29.94,3.00,
41,122,187,126,{'Button': {'on': 'On'}},1,-0.79,8.87,-3.62,0.85,-0.37,-0.69,29.94,3.00,
42,122,187,126,{'Button': {'on': 'On'}},2,-0.88,8.94,-3.66,0.89,-0.35,-0.69,29.94,3.00,
43,122,187,126,{'Button': {'on': 'On'}},3,-1.02,8.98,-3.66,0.93,-0.34,-0.67,29.89,3.00,
44,122,187,126,{'Button': {'on': 'On'}},4,-1.16,8.89,-3.65,0.96,-0.32,-0.67,29.99,3.00,
45,122,187,126,{'Button': {'on': 'On'}},5,-1.24,8.84,-3.72,1.00,-0.31,-0.64,29.94,3.00,
46,122,187,126,{'Button': {'on': 'On'}},6,-1.40,8.82,-3.80,1.02,-0.31,-0.63,29.94,3.00,
47,122,187,126,{'Button': {'on': 'On'}},7,-1.49,8.73,-3.81,1.04,-0.30,-0.61,29.99,2.00,
48,122,187,126,{'Button': {'on': 'On'}},8,-1.63,8.69,-3.85,1.07,-0.31,-0.58,29.99,2.00,
49,122,187,126,{'Button': {'on': 'On'}},9,-1.69,8.55,-3.89,1.07,-0.32,-0.56,30.04,3.00,
50,122,187,126,{'Button': {'on': 'On'}},10,-1.77,8.51,-4.02,1.09,-0.32,-0.53,29.85,3.00,
51,122,187,126,{'Button': {'on': 'On'}},11,-1.88,8.58,-4.24,1.09,-0.33,-0.50,29.89,3.00,
52,122,187,126,{'Button': {'on': 'On'}},12,-1.96,8.52,-4.22,1.09,-0.34,-0.47,29.99,3.00,
53,122,187,126,{'Button': {'on': 'On'}},13,-2.00,8.64,-4.43,1.08,-0.35,-0.43,29.94,3.00,
54,122,187,126,{'Button': {'on': 'On'}},14,-2.04,8.70,-4.57,1.07,-0.35,-0.40,30.04,3.00,
55,122,187,126,{'Button': {'on': 'On'}},15,-2.25,8.82,-4.73,1.06,-0.36,-0.36,29.94,3.00,
56,122,187,126,{'Button': {'on': 'On'}},16,-2.33,8.87,-4.78,1.03,-0.37,-0.33,29.94,3.00,
57,122,187,126,{'Button': {'on': 'On'}},17,-2.22,9.07,-5.18,0.99,-0.39,-0.30,29.89,3.00,
58,122,187,126,{'Button': {'on': 'On'}},18,-2.28,9.12,-5.25,0.95,-0.40,-0.27,29.89,3.00,
59,122,187,126,{'Button': {'on': 'On'}},19,-2.14,9.08,-5.00,0.91,-0.41,-0.25,29.85,3.00,
60,121,170,108,{'Button': {'on': 'On'}},0,0.71,9.09,-3.45,-1.34,-0.28,0.86,29.94,3.00,
61,121,170,108,{'Button': {'on': 'On'}},1,0.72,8.99,-3.39,-1.33,-0.33,0.83,29.89,3.00,
62,121,170,108,{'Button': {'on': 'On'}},2,0.89,9.06,-3.56,-1.32,-0.36,0.80,29.99,3.00,
63,121,170,108,{'Button': {'on': 'On'}},3,0.87,8.99,-3.42,-1.30,-0.38,0.77,29.94,3.00,
64,121,170,108,{'Button': {'on': 'On'}},4,0.94,9.02,-3.32,-1.29,-0.40,0.74,29.94,3.00,
65,121,170,108,{'Button': {'on': 'On'}},5,1.03,8.93,-3.15,-1.27,-0.44,0.71,29.99,3.00,
66,121,170,108,{'Button': {'on': 'On'}},6,1.14,8.88,-3.00,-1.25,-0.48,0.67,29.99,3.00,
67,121,170,108,{'Button': {'on': 'On'}},7,1.18,8.80,-2.93,-1.23,-0.54,0.62,29.94,3.00,
68,121,170,108,{'Button': {'on': 'On'}},8,1.25,8.72,-2.65,-1.20,-0.61,0.57,29.94,3.00,
69,121,170,108,{'Button': {'on': 'On'}},9,1.21,8.59,-2.39,-1.16,-0.67,0.52,29.99,3.00,
70,121,170,108,{'Button': {'on': 'On'}},10,1.30,8.60,-2.45,-1.12,-0.73,0.47,30.04,3.00,
71,121,170,108,{'Button': {'on': 'On'}},11,1.27,8.52,-2.02,-1.08,-0.80,0.42,29.94,3.00,
72,121,170,108,{'Button': {'on': 'On'}},12,1.25,8.47,-1.97,-1.03,-0.86,0.37,29.94,2.00,
73,121,170,108,{'Button': {'on': 'On'}},13,1.28,8.37,-1.85,-0.97,-0.91,0.33,29.80,3.00,
74,121,170,108,{'Button': {'on': 'On'}},14,1.30,8.29,-1.62,-0.91,-0.97,0.28,29.99,3.00,
75,121,170,108,{'Button': {'on': 'On'}},15,1.27,8.19,-1.53,-0.85,-1.02,0.23,29.99,3.00,
76,121,170,108,{'Button': {'on': 'On'}},16,1.30,8.15,-1.48,-0.79,-1.08,0.19,30.04,3.00,
77,121,170,108,{'Button': {'on': 'On'}},17,1.31,8.09,-1.37,-0.72,-1.12,0.14,29.94,3.00,
78,121,170,108,{'Button': {'on': 'On'}},18,1.24,8.04,-1.26,-0.65,-1.17,0.10,29.99,3.00,
79,121,170,108,{'Button': {'on': 'On'}},19,1.20,7.98,-1.31,-0.58,-1.21,0.06,29.99,3.00,
80,120,776,715,{'Button': {'on': 'On'}},0,0.86,8.71,-5.04,-0.93,-2.06,0.88,29.99,3.00,
81,120,776,715,{'Button': {'on': 'On'}},1,0.85,8.95,-4.89,-0.97,-2.12,0.85,30.04,3.00,
82,120,776,715,{'Button': {'on': 'On'}},2,0.92,9.05,-4.81,-1.00,-2.21,0.82,29.94,3.00,
83,120,776,715,{'Button': {'on': 'On'}},3,0.83,9.25,-4.71,-1.02,-2.26,0.79,29.89,3.00,
84,120,776,715,{'Button': {'on': 'On'}},4,0.79,9.39,-4.54,-1.04,-2.31,0.75,29.99,3.00,
85,120,776,715,{'Button': {'on': 'On'}},5,0.89,9.41,-4.29,-1.04,-2.35,0.72,30.04,3.00,
86,120,776,715,{'Button': {'on': 'On'}},6,0.94,9.39,-4.01,-1.04,-2.41,0.69,29.94,3.00,
87,120,776,715,{'Button': {'on': 'On'}},7,0.95,9.46,-3.91,-1.04,-2.46,0.66,29.89,3.00,
88,120,776,715,{'Button': {'on': 'On'}},8,0.95,9.49,-3.76,-1.04,-2.51,0.62,29.94,3.00,
89,120,776,715,{'Button': {'on': 'On'}},9,0.90,9.44,-3.64,-1.02,-2.56,0.59,29.94,3.00,
90,120,776,715,{'Button': {'on': 'On'}},10,0.88,9.40,-3.55,-1.00,-2.61,0.56,30.04,3.00,
91,120,776,715,{'Button': {'on': 'On'}},11,0.93,9.34,-3.32,-0.97,-2.67,0.52,29.99,3.00,
92,120,776,715,{'Button': {'on': 'On'}},12,0.93,9.34,-3.24,-0.95,-2.71,0.50,29.89,3.00,
93,120,776,715,{'Button': {'on': 'On'}},13,0.82,9.23,-3.09,-0.92,-2.75,0.47,29.94,2.00,
94,120,776,715,{'Button': {'on': 'On'}},14,0.85,9.12,-2.92,-0.88,-2.79,0.44,30.04,2.00,
95,120,776,715,{'Button': {'on': 'On'}},15,0.79,8.97,-2.83,-0.84,-2.83,0.41,29.99,3.00,
96,120,776,715,{'Button': {'on': 'On'}},16,0.76,8.89,-2.60,-0.80,-2.87,0.38,29.99,3.00,
97,120,776,715,{'Button': {'on': 'On'}},17,0.76,8.75,-2.44,-0.76,-2.90,0.36,29.89,3.00,
98,120,776,715,{'Button': {'on': 'On'}},18,0.63,8.64,-2.45,-0.71,-2.91,0.35,29.94,3.00,
99,120,776,715,{'Button': {'on': 'On'}},19,0.57,8.43,-2.26,-0.65,-2.93,0.33,30.04,3.00,
100,119,185,125,{'Button': {'on': 'On'}},0,0.96,9.18,-7.17,-1.66,-2.09,1.30,29.94,3.00,
101,119,185,125,{'Button': {'on': 'On'}},1,0.96,9.32,-7.09,-1.77,-2.17,1.25,29.89,3.00,
102,119,185,125,{'Button': {'on': 'On'}},2,1.04,9.50,-7.27,-1.88,-2.31,1.21,29.94,3.00,
103,119,185,125,{'Button': {'on': 'On'}},3,1.07,9.52,-6.90,-1.98,-2.44,1.16,29.89,3.00,
104,119,185,125,{'Button': {'on': 'On'}},4,0.89,9.59,-6.83,-2.07,-2.55,1.11,30.08,3.00,
105,119,185,125,{'Button': {'on': 'On'}},5,1.07,9.62,-6.71,-2.15,-2.66,1.07,29.94,3.00,
106,119,185,125,{'Button': {'on': 'On'}},6,0.91,9.67,-6.24,-2.23,-2.78,1.03,29.94,3.00,
107,119,185,125,{'Button': {'on': 'On'}},7,1.03,9.62,-6.17,-2.28,-2.87,0.99,29.89,3.00,
108,119,185,125,{'Button': {'on': 'On'}},8,0.91,9.75,-5.75,-2.35,-3.00,0.95,29.99,2.00,
109,119,185,125,{'Button': {'on': 'On'}},9,1.05,9.68,-5.60,-2.39,-3.09,0.91,30.04,3.00,
110,119,185,125,{'Button': {'on': 'On'}},10,1.02,9.75,-5.17,-2.42,-3.20,0.87,29.99,3.00,
111,119,185,125,{'Button': {'on': 'On'}},11,1.09,9.75,-4.95,-2.45,-3.31,0.82,29.89,3.00,
112,119,185,125,{'Button': {'on': 'On'}},12,0.96,9.75,-4.69,-2.46,-3.41,0.79,29.94,3.00,
113,119,185,125,{'Button': {'on': 'On'}},13,0.91,9.67,-4.45,-2.46,-3.51,0.76,29.94,3.00,
114,119,185,125,{'Button': {'on': 'On'}},14,0.85,9.60,-4.27,-2.45,-3.59,0.73,30.04,3.00,
115,119,185,125,{'Button': {'on': 'On'}},15,0.78,9.54,-3.94,-2.44,-3.66,0.71,29.89,3.00,
116,119,185,125,{'Button': {'on': 'On'}},16,0.73,9.57,-3.84,-2.42,-3.73,0.69,29.99,3.00,
117,119,185,125,{'Button': {'on': 'On'}},17,0.73,9.52,-3.44,-2.38,-3.81,0.67,29.89,3.00,
118,119,185,125,{'Button': {'on': 'On'}},18,0.72,9.41,-3.19,-2.34,-3.87,0.65,29.94,3.00,
119,119,185,125,{'Button': {'on': 'On'}},19,0.65,9.30,-2.99,-2.29,-3.93,0.64,29.94,3.00,
120,118,193,132,{'Button': {'on': 'On'}},0,0.75,7.98,-8.03,-1.33,-0.22,2.07,29.94,3.00,
121,118,193,132,{'Button': {'on': 'On'}},1,0.72,8.02,-7.85,-1.50,-0.33,2.03,29.99,3.00,
122,118,193,132,{'Button': {'on': 'On'}},2,0.83,7.96,-7.55,-1.65,-0.43,1.98,29.99,3.00,
123,118,193,132,{'Button': {'on': 'On'}},3,0.93,7.96,-7.11,-1.79,-0.55,1.94,29.94,3.00,
124,118,193,132,{'Button': {'on': 'On'}},4,1.00,7.97,-7.14,-1.91,-0.67,1.88,30.04,3.00,
125,118,193,132,{'Button': {'on': 'On'}},5,1.04,7.98,-6.83,-2.04,-0.80,1.83,29.99,3.00,
126,118,193,132,{'Button': {'on': 'On'}},6,1.09,7.90,-6.51,-2.14,-0.93,1.78,30.04,3.00,
127,118,193,132,{'Button': {'on': 'On'}},7,1.15,8.00,-6.21,-2.25,-1.09,1.71,29.94,3.00,
128,118,193,132,{'Button': {'on': 'On'}},8,1.41,8.03,-5.98,-2.34,-1.26,1.63,29.94,3.00,
129,118,193,132,{'Button': {'on': 'On'}},9,1.45,8.02,-5.68,-2.42,-1.44,1.56,29.99,2.00,
130,118,193,132,{'Button': {'on': 'On'}},10,1.48,8.05,-5.60,-2.50,-1.64,1.47,30.04,3.00,
131,118,193,132,{'Button': {'on': 'On'}},11,1.63,8.03,-5.23,-2.58,-1.85,1.39,29.94,3.00,
132,118,193,132,{'Button': {'on': 'On'}},12,1.60,7.95,-4.71,-2.62,-2.04,1.30,30.04,3.00,
133,118,193,132,{'Button': {'on': 'On'}},13,1.59,8.07,-4.84,-2.67,-2.21,1.23,29.99,3.00,
134,118,193,132,{'Button': {'on': 'On'}},14,1.61,8.08,-4.62,-2.73,-2.42,1.15,29.99,3.00,
135,118,193,132,{'Button': {'on': 'On'}},15,1.60,8.15,-4.57,-2.75,-2.59,1.07,29.99,3.00,
136,118,193,132,{'Button': {'on': 'On'}},16,1.70,8.38,-4.84,-2.79,-2.74,1.00,30.04,3.00,
137,118,193,132,{'Button': {'on': 'On'}},17,1.75,8.33,-4.20,-2.83,-2.94,0.92,29.94,3.00,
138,118,193,132,{'Button': {'on': 'On'}},18,1.80,8.32,-4.03,-2.83,-3.09,0.85,30.08,3.00,
139,118,193,132,{'Button': {'on': 'On'}},19,1.66,8.34,-3.75,-2.86,-3.30,0.77,30.08,3.00,
140,117,1393,1333,{'Button': {'on': 'On'}},0,-1.75,5.01,17.58,-4.37,4.37,2.03,30.04,3.00,
141,117,1393,1333,{'Button': {'on': 'On'}},1,-0.39,4.66,17.80,-4.37,4.37,1.80,29.99,3.00,
142,117,1393,1333,{'Button': {'on': 'On'}},2,0.20,4.62,16.43,-4.37,4.37,1.55,29.94,3.00,
143,117,1393,1333,{'Button': {'on': 'On'}},3,1.08,4.14,15.79,-4.37,4.37,1.29,29.85,3.00,
144,117,1393,1333,{'Button': {'on': 'On'}},4,0.83,3.59,15.95,-4.37,4.37,1.07,29.94,3.00,
145,117,1393,1333,{'Button': {'on': 'On'}},5,0.71,3.72,14.79,-4.37,4.37,0.90,29.99,2.00,
146,117,1393,1333,{'Button': {'on': 'On'}},6,0.89,3.46,14.09,-4.37,4.37,0.71,29.99,2.00,
147,117,1393,1333,{'Button': {'on': 'On'}},7,0.94,2.98,13.17,-4.37,4.37,0.56,29.94,3.00,
148,117,1393,1333,{'Button': {'on': 'On'}},8,0.96,2.70,12.27,-4.15,4.37,0.41,30.04,3.00,
149,117,1393,1333,{'Button': {'on': 'On'}},9,0.59,2.37,12.13,-3.68,4.37,0.30,29.99,3.00,
150,117,1393,1333,{'Button': {'on': 'On'}},10,0.99,2.06,11.58,-3.17,4.35,0.20,29.89,3.00,
151,117,1393,1333,{'Button': {'on': 'On'}},11,0.49,2.12,10.65,-2.74,4.18,0.13,29.94,3.00,
152,117,1393,1333,{'Button': {'on': 'On'}},12,0.59,1.88,9.95,-2.34,4.06,0.05,29.94,3.00,
153,117,1393,1333,{'Button': {'on': 'On'}},13,0.61,1.60,9.54,-1.91,3.97,-0.02,29.94,3.00,
154,117,1393,1333,{'Button': {'on': 'On'}},14,0.44,1.54,9.28,-1.56,3.85,-0.07,29.99,3.00,
155,117,1393,1333,{'Button': {'on': 'On'}},15,0.52,1.47,8.89,-1.19,3.76,-0.12,29.99,3.00,
156,117,1393,1333,{'Button': {'on': 'On'}},16,0.41,1.48,8.56,-0.84,3.69,-0.16,29.94,3.00,
157,117,1393,1333,{'Button': {'on': 'On'}},17,0.39,1.51,8.42,-0.49,3.60,-0.18,30.04,3.00,
158,117,1393,1333,{'Button': {'on': 'On'}},18,0.28,1.51,8.24,-0.17,3.53,-0.21,29.99,3.00,
159,117,1393,1333,{'Button': {'on': 'On'}},19,0.38,1.56,8.65,0.18,3.47,-0.23,29.99,3.00,
160,116,173,113,{'Button': {'on': 'On'}},0,-5.15,16.69,14.14,4.37,4.37,4.37,29.99,3.00,
161,116,173,113,{'Button': {'on': 'On'}},1,-5.80,18.68,10.96,4.37,4.37,4.37,29.94,3.00,
162,116,173,113,{'Button': {'on': 'On'}},2,-4.97,19.61,9.29,4.37,4.37,4.37,29.80,3.00,
163,116,173,113,{'Button': {'on': 'On'}},3,-2.46,19.61,6.17,4.37,4.37,4.37,29.99,3.00,
164,116,173,113,{'Button': {'on': 'On'}},4,-1.12,19.61,1.13,4.37,4.37,4.37,29.94,3.00,
165,116,173,113,{'Button': {'on': 'On'}},5,2.16,19.61,1.47,4.37,4.37,4.37,29.94,2.00,
166,116,173,113,{'Button': {'on': 'On'}},6,5.67,19.61,-0.66,4.37,4.37,4.37,29.89,2.00,
167,116,173,113,{'Button': {'on': 'On'}},7,7.40,19.61,-4.45,4.37,4.37,4.37,29.99,3.00,
168,116,173,113,{'Button': {'on': 'On'}},8,9.55,18.41,-7.20,4.37,4.37,4.37,30.04,3.00,
169,116,173,113,{'Button': {'on': 'On'}},9,10.53,16.86,-10.08,4.37,4.37,4.37,29.94,3.00,
170,116,173,113,{'Button': {'on': 'On'}},10,11.24,14.76,-12.71,4.37,4.37,4.37,29.89,3.00,
171,116,173,113,{'Button': {'on': 'On'}},11,11.09,13.04,-14.08,4.37,4.37,4.37,29.99,3.00,
172,116,173,113,{'Button': {'on': 'On'}},12,11.38,11.23,-13.56,4.37,4.37,4.37,30.04,3.00,
173,116,173,113,{'Button': {'on': 'On'}},13,10.81,8.77,-14.50,4.37,4.37,4.37,30.04,3.00,
174,116,173,113,{'Button': {'on': 'On'}},14,9.18,6.15,-13.16,4.37,4.14,4.37,29.85,3.00,
175,116,173,113,{'Button': {'on': 'On'}},15,8.23,3.69,-11.66,4.37,3.15,4.37,29.99,3.00,
176,116,173,113,{'Button': {'on': 'On'}},16,7.29,1.60,-10.02,4.37,2.20,4.12,29.99,3.00,
177,116,173,113,{'Button': {'on': 'On'}},17,6.69,0.62,-8.92,4.37,1.39,3.80,29.89,3.00,
178,116,173,113,{'Button': {'on': 'On'}},18,5.83,0.02,-8.16,4.37,0.71,3.51,29.94,3.00,
179,116,173,113,{'Button': {'on': 'On'}},19,5.22,-0.45,-7.38,4.37,0.07,3.24,29.94,3.00,
180,115,167,107,{'Button': {'on': 'On'}},0,-0.14,0.02,-1.04,1.71,1.16,-1.35,29.89,3.00,
181,115,167,107,{'Button': {'on': 'On'}},1,0.31,-0.45,0.18,1.80,1.25,-1.33,29.94,3.00,
182,115,167,107,{'Button': {'on': 'On'}},2,-0.91,-0.82,0.71,1.79,1.24,-1.29,30.04,3.00,
183,115,167,107,{'Button': {'on': 'On'}},3,-0.36,-1.38,5.88,2.01,1.33,-1.24,29.99,3.00,
184,115,167,107,{'Button': {'on': 'On'}},4,-0.80,-0.93,5.07,2.28,1.44,-1.17,29.94,2.00,
185,115,167,107,{'Button': {'on': 'On'}},5,0.95,-1.32,5.60,2.41,1.30,-1.20,29.85,2.00,
186,115,167,107,{'Button': {'on': 'On'}},6,0.99,-2.39,1.83,2.66,1.48,-1.18,29.94,3.00,
187,115,167,107,{'Button': {'on': 'On'}},7,-0.09,-0.37,0.66,2.68,1.45,-1.13,29.89,3.00,
188,115,167,107,{'Button': {'on': 'On'}},8,0.05,-0.50,-0.84,2.65,1.52,-1.10,29.89,3.00,
189,115,167,107,{'Button': {'on': 'On'}},9,0.47,-0.46,-2.45,2.68,1.56,-1.08,29.94,3.00,
190,115,167,107,{'Button': {'on': 'On'}},10,0.46,-0.36,-1.64,2.62,1.51,-1.07,30.04,3.00,
191,115,167,107,{'Button': {'on': 'On'}},11,0.71,-0.92,-0.04,2.63,1.52,-1.08,29.89,3.00,
192,115,167,107,{'Button': {'on': 'On'}},12,0.40,-0.61,-1.05,2.67,1.54,-1.06,29.99,3.00,
193,115,167,107,{'Button': {'on': 'On'}},13,0.43,-0.60,-1.11,2.63,1.51,-1.06,29.85,3.00,
194,115,167,107,{'Button': {'on': 'On'}},14,0.58,-0.68,-0.93,2.64,1.53,-1.05,29.94,3.00,
195,115,167,107,{'Button': {'on': 'On'}},15,0.47,-0.61,-1.01,2.64,1.51,-1.04,29.99,3.00,
196,115,167,107,{'Button': {'on': 'On'}},16,0.45,-0.60,-1.00,2.63,1.51,-1.03,29.99,3.00,
197,115,167,107,{'Button': {'on': 'On'}},17,0.40,-0.64,-1.12,2.64,1.52,-1.02,29.94,3.00,
198,115,167,107,{'Button': {'on': 'On'}},18,0.51,-0.64,-0.81,2.63,1.51,-1.02,30.04,3.00,
199,115,167,107,{'Button': {'on': 'On'}},19,0.47,-0.62,-0.99,2.63,1.51,-1.01,29.99,3.00,
200,114,174,114,{'Button': {'on': 'On'}},0,0.34,9.76,-0.88,-0.10,-0.09,-0.07,29.85,3.00,
201,114,174,114,{'Button': {'on': 'On'}},1,0.34,9.73,-0.83,-0.11,-0.08,-0.07,29.85,3.00,
202,114,174,114,{'Button': {'on': 'On'}},2,0.42,9.75,-0.84,-0.12,-0.07,-0.06,29.94,3.00,
203,114,174,114,{'Button': {'on': 'On'}},3,0.41,9.74,-0.83,-0.13,-0.05,-0.06,29.94,3.00,
204,114,174,114,{'Button': {'on': 'On'}},4,0.47,9.70,-0.91,-0.14,-0.04,-0.05,29.99,3.00,
205,114,174,114,{'Button': {'on': 'On'}},5,0.49,9.70,-0.83,-0.15,-0.03,-0.05,29.94,3.00,
206,114,174,114,{'Button': {'on': 'On'}},6,0.51,9.66,-0.76,-0.15,-0.01,-0.04,29.85,3.00,
207,114,174,114,{'Button': {'on': 'On'}},7,0.46,9.61,-0.72,-0.15,0.00,-0.03,29.94,2.00,
208,114,174,114,{'Button': {'on': 'On'}},8,0.44,9.67,-0.73,-0.16,0.02,-0.03,29.89,2.00,
209,114,174,114,{'Button': {'on': 'On'}},9,0.40,9.73,-0.69,-0.16,0.03,-0.02,29.85,3.00,
210,114,174,114,{'Button': {'on': 'On'}},10,0.39,9.66,-0.54,-0.15,0.04,-0.01,29.94,3.00,
211,114,174,114,{'Button': {'on': 'On'}},11,0.34,9.68,-0.54,-0.15,0.05,-0.00,29.94,3.00,
212,114,174,114,{'Button': {'on': 'On'}},12,0.30,9.62,-0.50,-0.15,0.06,0.01,29.99,3.00,
213,114,174,114,{'Button': {'on': 'On'}},13,0.32,9.62,-0.38,-0.14,0.06,0.02,29.89,3.00,
214,114,174,114,{'Button': {'on': 'On'}},14,0.18,9.62,-0.47,-0.13,0.06,0.03,29.94,3.00,
215,114,174,114,{'Button': {'on': 'On'}},15,0.13,9.61,-0.34,-0.13,0.06,0.04,29.94,3.00,
216,114,174,114,{'Button': {'on': 'On'}},16,0.08,9.55,-0.40,-0.12,0.06,0.05,29.89,3.00,
217,114,174,114,{'Button': {'on': 'On'}},17,0.14,9.55,-0.33,-0.11,0.05,0.06,29.85,3.00,
218,114,174,114,{'Button': {'on': 'On'}},18,0.11,9.51,-0.37,-0.10,0.05,0.08,29.85,3.00,
219,114,174,114,{'Button': {'on': 'On'}},19,0.08,9.56,-0.34,-0.09,0.05,0.09,30.04,3.00,
220,113,187,127,{'Button': {'on': 'On'}},0,0.10,9.43,-0.63,-0.09,-0.07,-0.04,29.94,3.00,
221,113,187,127,{'Button': {'on': 'On'}},1,0.14,9.48,-0.66,-0.08,-0.06,-0.04,29.99,3.00,
222,113,187,127,{'Button': {'on': 'On'}},2,0.02,9.44,-0.57,-0.07,-0.06,-0.03,29.85,3.00,
223,113,187,127,{'Button': {'on': 'On'}},3,0.09,9.49,-0.64,-0.07,-0.06,-0.03,29.94,3.00,
224,113,187,127,{'Button': {'on': 'On'}},4,0.01,9.47,-0.49,-0.05,-0.05,-0.02,29.99,3.00,
225,113,187,127,{'Button': {'on': 'On'}},5,-0.02,9.43,-0.56,-0.05,-0.04,-0.01,29.99,3.00,
226,113,187,127,{'Button': {'on': 'On'}},6,0.01,9.47,-0.56,-0.04,-0.05,-0.01,29.94,3.00,
227,113,187,127,{'Button': {'on': 'On'}},7,-0.00,9.45,-0.46,-0.04,-0.05,-0.00,29.99,3.00,
228,113,187,127,{'Button': {'on': 'On'}},8,0.03,9.48,-0.56,-0.03,-0.05,0.00,29.99,3.00,
229,113,187,127,{'Button': {'on': 'On'}},9,0.02,9.51,-0.55,-0.03,-0.06,-0.00,30.04,2.00,
230,113,187,127,{'Button': {'on': 'On'}},10,0.06,9.48,-0.65,-0.03,-0.06,0.01,29.94,2.00,
231,113,187,127,{'Button': {'on': 'On'}},11,0.08,9.48,-0.60,-0.02,-0.07,0.00,29.99,3.00,
232,113,187,127,{'Button': {'on': 'On'}},12,0.10,9.44,-0.61,-0.02,-0.07,0.01,29.99,3.00,
233,113,187,127,{'Button': {'on': 'On'}},13,0.13,9.40,-0.66,-0.03,-0.07,-0.00,29.94,3.00,
234,113,187,127,{'Button': {'on': 'On'}},14,0.13,9.55,-0.60,-0.02,-0.07,-0.01,30.04,3.00,
235,113,187,127,{'Button': {'on': 'On'}},15,0.19,9.47,-0.51,-0.02,-0.07,-0.01,29.94,3.00,
236,113,187,127,{'Button': {'on': 'On'}},16,0.15,9.48,-0.66,-0.03,-0.07,-0.02,29.99,3.00,
237,113,187,127,{'Button': {'on': 'On'}},17,0.17,9.37,-0.63,-0.02,-0.07,-0.02,29.99,3.00,
238,113,187,127,{'Button': {'on': 'On'}},18,0.15,9.43,-0.71,-0.03,-0.07,-0.02,29.99,3.00,
239,113,187,127,{'Button': {'on': 'On'}},19,0.21,9.44,-0.71,-0.03,-0.06,-0.03,29.85,3.00,
240,112,159,98,{'Button': {'on': 'On'}},0,0.14,9.10,-0.32,-0.32,-0.08,-0.11,29.94,3.00,
241,112,159,98,{'Button': {'on': 'On'}},1,-0.05,9.15,-0.15,-0.31,-0.08,-0.11,29.89,3.00,
242,112,159,98,{'Button': {'on': 'On'}},2,-0.11,9.04,-0.14,-0.29,-0.08,-0.10,29.89,3.00,
243,112,159,98,{'Button': {'on': 'On'}},3,-0.22,9.10,-0.07,-0.28,-0.07,-0.09,30.04,3.00,
244,112,159,98,{'Button': {'on': 'On'}},4,-0.27,9.05,-0.12,-0.26,-0.07,-0.08,29.94,3.00,
245,112,159,98,{'Button': {'on': 'On'}},5,-0.33,8.92,0.02,-0.25,-0.07,-0.08,29.89,3.00,
246,112,159,98,{'Button': {'on': 'On'}},6,-0.39,8.92,0.10,-0.24,-0.07,-0.06,30.04,2.00,
247,112,159,98,{'Button': {'on': 'On'}},7,-0.43,8.86,0.05,-0.22,-0.07,-0.05,29.94,2.00,
248,112,159,98,{'Button': {'on': 'On'}},8,-0.44,8.92,0.15,-0.21,-0.08,-0.04,29.99,3.00,
249,112,159,98,{'Button': {'on': 'On'}},9,-0.41,8.85,0.15,-0.19,-0.08,-0.03,29.99,3.00,
250,112,159,98,{'Button': {'on': 'On'}},10,-0.48,8.88,0.14,-0.18,-0.10,-0.02,29.94,3.00,
251,112,159,98,{'Button': {'on': 'On'}},11,-0.53,8.73,0.18,-0.16,-0.10,-0.01,29.85,3.00,
252,112,159,98,{'Button': {'on': 'On'}},12,-0.45,8.77,0.14,-0.14,-0.11,0.00,29.94,3.00,
253,112,159,98,{'Button': {'on': 'On'}},13,-0.43,8.70,0.21,-0.13,-0.12,0.01,29.89,3.00,
254,112,159,98,{'Button': {'on': 'On'}},14,-0.35,8.64,0.24,-0.11,-0.13,0.01,29.99,3.00,
255,112,159,98,{'Button': {'on': 'On'}},15,-0.42,8.63,0.29,-0.09,-0.13,0.02,29.89,3.00,
256,112,159,98,{'Button': {'on': 'On'}},16,-0.36,8.57,0.37,-0.08,-0.14,0.03,29.94,3.00,
257,112,159,98,{'Button': {'on': 'On'}},17,-0.37,8.52,0.45,-0.07,-0.15,0.03,29.94,3.00,
258,112,159,98,{'Button': {'on': 'On'}},18,-0.31,8.51,0.35,-0.05,-0.15,0.03,29.89,3.00,
259,112,159,98,{'Button': {'on': 'On'}},19,-0.26,8.53,0.48,-0.03,-0.16,0.03,29.99,3.00,
260,111,186,125,{'Button': {'on': 'On'}},0,2.04,9.50,-1.35,-0.01,-0.55,0.23,29.89,3.00,
261,111,186,125,{'Button': {'on': 'On'}},1,2.01,9.37,-1.28,-0.03,-0.54,0.17,30.04,3.00,
262,111,186,125,{'Button': {'on': 'On'}},2,1.83,9.41,-1.32,-0.04,-0.55,0.13,29.89,3.00,
263,111,186,125,{'Button': {'on': 'On'}},3,1.76,9.39,-1.15,-0.05,-0.56,0.08,29.89,3.00,
264,111,186,125,{'Button': {'on': 'On'}},4,1.69,9.43,-1.14,-0.06,-0.58,0.04,29.94,3.00,
265,111,186,125,{'Button': {'on': 'On'}},5,1.74,9.44,-1.07,-0.07,-0.59,-0.00,29.94,3.00,
266,111,186,125,{'Button': {'on': 'On'}},6,1.64,9.45,-1.07,-0.08,-0.60,-0.04,29.99,3.00,
267,111,186,125,{'Button': {'on': 'On'}},7,1.55,9.46,-1.06,-0.08,-0.61,-0.07,29.89,3.00,
268,111,186,125,{'Button': {'on': 'On'}},8,1.35,9.57,-0.77,-0.09,-0.61,-0.09,29.94,3.00,
269,111,186,125,{'Button': {'on': 'On'}},9,1.37,9.57,-0.87,-0.09,-0.61,-0.11,30.04,3.00,
270,111,186,125,{'Button': {'on': 'On'}},10,1.22,9.56,-0.70,-0.08,-0.62,-0.13,29.99,3.00,
271,111,186,125,{'Button': {'on': 'On'}},11,1.06,9.52,-0.62,-0.08,-0.61,-0.14,29.94,3.00,
272,111,186,125,{'Button': {'on': 'On'}},12,0.95,9.54,-0.57,-0.07,-0.61,-0.14,29.94,3.00,
273,111,186,125,{'Button': {'on': 'On'}},13,0.79,9.53,-0.56,-0.06,-0.61,-0.14,29.94,3.00,
274,111,186,125,{'Button': {'on': 'On'}},14,0.70,9.56,-0.50,-0.05,-0.61,-0.14,29.89,2.00,
275,111,186,125,{'Button': {'on': 'On'}},15,0.57,9.64,-0.57,-0.03,-0.60,-0.13,29.99,2.00,
276,111,186,125,{'Button': {'on': 'On'}},16,0.51,9.64,-0.57,-0.02,-0.60,-0.12,30.04,3.00,
277,111,186,125,{'Button': {'on': 'On'}},17,0.43,9.62,-0.57,-0.01,-0.59,-0.10,29.94,3.00,
278,111,186,125,{'Button': {'on': 'On'}},18,0.38,9.68,-0.46,0.00,-0.59,-0.09,29.94,3.00,
279,111,186,125,{'Button': {'on': 'On'}},19,0.36,9.67,-0.59,0.02,-0.58,-0.07,29.89,3.00,
280,110,172,112,{'Button': {'on': 'On'}},0,-0.03,9.48,-2.24,-0.44,-0.16,0.04,29.94,3.00,
281,110,172,112,{'Button': {'on': 'On'}},1,-0.04,9.38,-2.17,-0.45,-0.17,0.06,29.94,3.00,
282,110,172,112,{'Button': {'on': 'On'}},2,-0.10,9.44,-2.09,-0.47,-0.18,0.08,29.94,3.00,
283,110,172,112,{'Button': {'on': 'On'}},3,-0.13,9.44,-2.07,-0.48,-0.18,0.09,29.89,3.00,
284,110,172,112,{'Button': {'on': 'On'}},4,-0.20,9.39,-1.97,-0.50,-0.19,0.11,29.99,3.00,
285,110,172,112,{'Button': {'on': 'On'}},5,-0.24,9.36,-1.92,-0.51,-0.19,0.13,29.94,3.00,
286,110,172,112,{'Button': {'on': 'On'}},6,-0.18,9.36,-1.89,-0.53,-0.19,0.15,29.94,3.00,
287,110,172,112,{'Button': {'on': 'On'}},7,-0.24,9.36,-1.87,-0.53,-0.19,0.17,29.99,3.00,
288,110,172,112,{'Button': {'on': 'On'}},8,-0.30,9.32,-1.76,-0.54,-0.19,0.18,29.99,3.00,
289,110,172,112,{'Button': {'on': 'On'}},9,-0.26,9.34,-1.83,-0.55,-0.20,0.20,29.94,2.00,
290,110,172,112,{'Button': {'on': 'On'}},10,-0.32,9.36,-1.79,-0.56,-0.20,0.22,29.94,2.00,
291,110,172,112,{'Button': {'on': 'On'}},11,-0.38,9.30,-1.70,-0.57,-0.21,0.24,29.99,3.00,
292,110,172,112,{'Button': {'on': 'On'}},12,-0.36,9.28,-1.66,-0.57,-0.22,0.25,29.99,3.00,
293,110,172,112,{'Button': {'on': 'On'}},13,-0.38,9.28,-1.75,-0.58,-0.22,0.26,29.94,3.00,
294,110,172,112,{'Button': {'on': 'On'}},14,-0.33,9.28,-1.66,-0.58,-0.23,0.28,29.85,3.00,
295,110,172,112,{'Button': {'on': 'On'}},15,-0.25,9.21,-1.64,-0.59,-0.24,0.29,29.99,3.00,
296,110,172,112,{'Button': {'on': 'On'}},16,-0.21,9.19,-1.65,-0.59,-0.25,0.30,29.89,3.00,
297,110,172,112,{'Button': {'on': 'On'}},17,-0.28,9.20,-1.55,-0.59,-0.24,0.31,30.04,3.00,
298,110,172,112,{'Button': {'on': 'On'}},18,-0.13,9.19,-1.59,-0.59,-0.24,0.32,29.94,3.00,
299,110,172,112,{'Button': {'on': 'On'}},19,-0.05,9.18,-1.55,-0.59,-0.24,0.32,29.94,3.00,
300,109,172,111,{'Button': {'on': 'On'}},0,0.45,9.68,-2.26,-0.32,-0.08,-0.03,29.94,4.00,
301,109,172,111,{'Button': {'on': 'On'}},1,0.43,9.58,-2.20,-0.34,-0.08,-0.01,29.89,3.00,
302,109,172,111,{'Button': {'on': 'On'}},2,0.45,9.62,-2.16,-0.35,-0.07,0.01,29.94,2.00,
303,109,172,111,{'Button': {'on': 'On'}},3,0.42,9.58,-2.07,-0.36,-0.08,0.02,29.94,2.00,
304,109,172,111,{'Button': {'on': 'On'}},4,0.46,9.51,-2.04,-0.36,-0.07,0.04,29.94,3.00,
305,109,172,111,{'Button': {'on': 'On'}},5,0.55,9.50,-2.02,-0.36,-0.07,0.05,29.99,3.00,
306,109,172,111,{'Button': {'on': 'On'}},6,0.59,9.50,-1.91,-0.36,-0.06,0.06,29.99,3.00,
307,109,172,111,{'Button': {'on': 'On'}},7,0.58,9.45,-1.87,-0.36,-0.06,0.07,29.94,3.00,
308,109,172,111,{'Button': {'on': 'On'}},8,0.57,9.43,-1.85,-0.35,-0.05,0.08,29.94,3.00,
309,109,172,111,{'Button': {'on': 'On'}},9,0.58,9.42,-1.86,-0.35,-0.04,0.09,29.89,3.00,
310,109,172,111,{'Button': {'on': 'On'}},10,0.61,9.42,-1.71,-0.33,-0.03,0.10,29.99,3.00,
311,109,172,111,{'Button': {'on': 'On'}},11,0.63,9.43,-1.70,-0.32,-0.03,0.10,29.94,3.00,
312,109,172,111,{'Button': {'on': 'On'}},12,0.70,9.38,-1.77,-0.31,-0.02,0.11,29.94,3.00,
313,109,172,111,{'Button': {'on': 'On'}},13,0.70,9.32,-1.65,-0.29,-0.01,0.12,29.99,3.00,
314,109,172,111,{'Button': {'on': 'On'}},14,0.78,9.36,-1.64,-0.28,-0.01,0.11,29.99,3.00,
315,109,172,111,{'Button': {'on': 'On'}},15,0.74,9.38,-1.52,-0.26,-0.01,0.11,29.94,3.00,
316,109,172,111,{'Button': {'on': 'On'}},16,0.64,9.39,-1.49,-0.23,-0.01,0.11,29.94,3.00,
317,109,172,111,{'Button': {'on': 'On'}},17,0.68,9.37,-1.33,-0.22,-0.01,0.11,29.89,2.00,
318,109,172,111,{'Button': {'on': 'On'}},18,0.68,9.35,-1.48,-0.20,-0.02,0.10,30.04,2.00,
319,109,172,111,{'Button': {'on': 'On'}},19,0.64,9.32,-1.45,-0.18,-0.02,0.10,29.85,3.00,
320,108,1706,1644,{'Button': {'on': 'On'}},0,-2.43,8.84,-10.09,-1.62,-4.37,1.30,29.89,3.00,
321,108,1706,1644,{'Button': {'on': 'On'}},1,-0.49,8.08,-9.13,-1.80,-4.37,1.34,29.89,3.00,
322,108,1706,1644,{'Button': {'on': 'On'}},2,1.02,7.57,-7.66,-1.89,-4.37,1.34,29.89,3.00,
323,108,1706,1644,{'Button': {'on': 'On'}},3,1.96,7.32,-7.06,-1.97,-4.37,1.33,29.89,3.00,
324,108,1706,1644,{'Button': {'on': 'On'}},4,2.00,7.29,-6.92,-2.02,-4.37,1.32,29.94,3.00,
325,108,1706,1644,{'Button': {'on': 'On'}},5,1.99,7.24,-6.51,-2.04,-4.29,1.32,30.04,3.00,
326,108,1706,1644,{'Button': {'on': 'On'}},6,1.66,7.38,-6.45,-2.07,-4.14,1.34,29.99,3.00,
327,108,1706,1644,{'Button': {'on': 'On'}},7,1.52,7.42,-6.51,-2.08,-3.95,1.35,29.94,3.00,
328,108,1706,1644,{'Button': {'on': 'On'}},8,1.05,7.58,-6.36,-2.09,-3.76,1.40,29.94,3.00,
329,108,1706,1644,{'Button': {'on': 'On'}},9,0.33,7.64,-6.81,-2.11,-3.53,1.46,29.89,3.00,
330,108,1706,1644,{'Button': {'on': 'On'}},10,-0.10,7.76,-7.37,-2.14,-3.23,1.56,29.99,3.00,
331,108,1706,1644,{'Button': {'on': 'On'}},11,-0.54,7.66,-7.66,-2.16,-2.92,1.65,29.94,3.00,
332,108,1706,1644,{'Button': {'on': 'On'}},12,-1.23,7.47,-6.82,-2.17,-2.62,1.77,29.94,3.00,
333,108,1706,1644,{'Button': {'on': 'On'}},13,-2.16,7.25,-5.51,-2.14,-2.32,1.91,29.89,2.00,
334,108,1706,1644,{'Button': {'on': 'On'}},14,-2.75,6.92,-4.20,-2.09,-2.04,2.05,29.89,2.00,
335,108,1706,1644,{'Button': {'on': 'On'}},15,-2.64,6.31,-2.35,-1.97,-1.86,2.18,29.89,2.00,
336,108,1706,1644,{'Button': {'on': 'On'}},16,-2.30,6.00,-0.82,-1.83,-1.68,2.29,29.85,3.00,
337,108,1706,1644,{'Button': {'on': 'On'}},17,-1.31,5.69,0.08,-1.66,-1.53,2.35,29.85,3.00,
338,108,1706,1644,{'Button': {'on': 'On'}},18,-0.12,5.48,0.60,-1.47,-1.39,2.37,30.04,3.00,
339,108,1706,1644,{'Button': {'on': 'On'}},19,4.67,4.23,1.62,-1.22,-1.20,2.26,29.89,3.00,
340,107,522,462,{'Button': {'on': 'On'}},0,-0.14,11.76,-4.73,1.26,-1.81,-0.18,29.99,3.00,
341,107,522,462,{'Button': {'on': 'On'}},1,-0.45,12.02,-4.87,1.24,-1.92,-0.19,29.89,3.00,
342,107,522,462,{'Button': {'on': 'On'}},2,-0.32,11.84,-4.74,1.21,-2.01,-0.21,29.89,3.00,
343,107,522,462,{'Button': {'on': 'On'}},3,-0.36,11.82,-4.83,1.20,-2.11,-0.23,29.85,2.00,
344,107,522,462,{'Button': {'on': 'On'}},4,-0.31,12.03,-5.03,1.16,-2.14,-0.24,29.85,2.00,
345,107,522,462,{'Button': {'on': 'On'}},5,-0.49,12.00,-4.93,1.14,-2.25,-0.25,29.89,3.00,
346,107,522,462,{'Button': {'on': 'On'}},6,-0.36,12.08,-5.28,1.11,-2.32,-0.26,29.89,3.00,
347,107,522,462,{'Button': {'on': 'On'}},7,-0.49,12.14,-5.46,1.07,-2.40,-0.27,29.94,3.00,
348,107,522,462,{'Button': {'on': 'On'}},8,-0.33,11.70,-5.20,1.03,-2.47,-0.28,29.94,3.00,
349,107,522,462,{'Button': {'on': 'On'}},9,-0.46,11.68,-5.24,1.00,-2.54,-0.29,29.99,3.00,
350,107,522,462,{'Button': {'on': 'On'}},10,-0.46,11.81,-5.39,0.96,-2.61,-0.30,29.99,3.00,
351,107,522,462,{'Button': {'on': 'On'}},11,-0.45,11.80,-5.58,0.91,-2.68,-0.31,29.89,3.00,
352,107,522,462,{'Button': {'on': 'On'}},12,-0.57,11.77,-5.78,0.87,-2.73,-0.31,30.04,3.00,
353,107,522,462,{'Button': {'on': 'On'}},13,-0.62,11.90,-5.88,0.82,-2.78,-0.31,29.94,3.00,
354,107,522,462,{'Button': {'on': 'On'}},14,-0.69,11.85,-6.21,0.76,-2.81,-0.30,29.89,3.00,
355,107,522,462,{'Button': {'on': 'On'}},15,-0.74,11.71,-6.23,0.70,-2.85,-0.29,29.94,3.00,
356,107,522,462,{'Button': {'on': 'On'}},16,-0.65,11.25,-6.03,0.64,-2.88,-0.28,29.94,3.00,
357,107,522,462,{'Button': {'on': 'On'}},17,-0.74,12.83,-6.69,0.59,-2.90,-0.27,29.94,3.00,
358,107,522,462,{'Button': {'on': 'On'}},18,-0.83,13.42,-7.31,0.49,-2.96,-0.26,29.89,3.00,
359,107,522,462,{'Button': {'on': 'On'}},19,-0.77,13.46,-7.22,0.42,-2.98,-0.24,29.99,3.00,
360,106,173,111,{'Button': {'on': 'On'}},0,0.91,9.25,-3.56,-0.22,4.37,0.18,29.94,4.00,
361,106,173,111,{'Button': {'on': 'On'}},1,1.00,8.97,-3.29,-0.22,4.37,0.09,29.89,2.00,
362,106,173,111,{'Button': {'on': 'On'}},2,1.01,8.73,-3.08,-0.22,4.37,-0.01,29.85,3.00,
363,106,173,111,{'Button': {'on': 'On'}},3,1.27,8.58,-2.67,-0.22,4.37,-0.10,29.80,3.00,
364,106,173,111,{'Button': {'on': 'On'}},4,1.22,8.49,-2.70,-0.21,4.37,-0.20,29.89,3.00,
365,106,173,111,{'Button': {'on': 'On'}},5,1.44,8.35,-2.55,-0.21,4.17,-0.31,29.85,3.00,
366,106,173,111,{'Button': {'on': 'On'}},6,1.53,8.21,-2.61,-0.20,3.91,-0.43,29.94,3.00,
367,106,173,111,{'Button': {'on': 'On'}},7,1.54,7.86,-2.36,-0.20,3.66,-0.54,29.99,3.00,
368,106,173,111,{'Button': {'on': 'On'}},8,1.65,7.87,-2.26,-0.19,3.41,-0.65,29.99,3.00,
369,106,173,111,{'Button': {'on': 'On'}},9,1.48,7.70,-2.29,-0.19,3.16,-0.77,29.85,3.00,
370,106,173,111,{'Button': {'on': 'On'}},10,1.70,7.47,-2.26,-0.18,2.91,-0.88,29.94,3.00,
371,106,173,111,{'Button': {'on': 'On'}},11,1.40,7.44,-2.31,-0.18,2.66,-0.98,29.94,3.00,
372,106,173,111,{'Button': {'on': 'On'}},12,1.45,7.22,-2.23,-0.17,2.44,-1.08,29.89,3.00,
373,106,173,111,{'Button': {'on': 'On'}},13,0.98,7.06,-2.00,-0.17,2.23,-1.17,29.89,3.00,
374,106,173,111,{'Button': {'on': 'On'}},14,1.07,6.87,-2.16,-0.17,2.06,-1.25,29.94,3.00,
375,106,173,111,{'Button': {'on': 'On'}},15,1.23,7.02,-3.03,-0.16,1.88,-1.32,29.94,3.00,
376,106,173,111,{'Button': {'on': 'On'}},16,0.83,7.13,-2.43,-0.16,1.70,-1.38,29.89,2.00,
377,106,173,111,{'Button': {'on': 'On'}},17,0.84,6.96,-2.41,-0.17,1.55,-1.45,29.80,2.00,
378,106,173,111,{'Button': {'on': 'On'}},18,0.71,7.16,-3.09,-0.17,1.41,-1.51,29.85,3.00,
379,106,173,111,{'Button': {'on': 'On'}},19,0.76,7.27,-3.14,-0.19,1.25,-1.52,29.85,3.00,
380,105,188,128,{'Button': {'on': 'On'}},0,-0.36,6.28,-3.94,-1.04,2.62,-1.35,29.94,3.00,
381,105,188,128,{'Button': {'on': 'On'}},1,-0.38,6.13,-3.93,-1.06,2.72,-1.32,29.99,3.00,
382,105,188,128,{'Button': {'on': 'On'}},2,-0.44,6.08,-3.90,-1.06,2.81,-1.28,29.80,3.00,
383,105,188,128,{'Button': {'on': 'On'}},3,-0.50,6.08,-3.98,-1.08,2.90,-1.25,29.85,3.00,
384,105,188,128,{'Button': {'on': 'On'}},4,-0.55,6.17,-3.91,-1.08,3.00,-1.21,29.94,3.00,
385,105,188,128,{'Button': {'on': 'On'}},5,-0.51,6.14,-3.86,-1.08,3.09,-1.17,29.89,2.00,
386,105,188,128,{'Button': {'on': 'On'}},6,-0.56,6.22,-3.79,-1.08,3.20,-1.13,29.99,3.00,
387,105,188,128,{'Button': {'on': 'On'}},7,-0.69,6.31,-3.95,-1.08,3.30,-1.09,29.94,3.00,
388,105,188,128,{'Button': {'on': 'On'}},8,-0.85,6.50,-3.95,-1.09,3.41,-1.04,29.94,3.00,
389,105,188,128,{'Button': {'on': 'On'}},9,-0.85,6.55,-3.91,-1.08,3.53,-0.99,29.89,3.00,
390,105,188,128,{'Button': {'on': 'On'}},10,-0.89,6.60,-3.90,-1.07,3.64,-0.95,29.89,3.00,
391,105,188,128,{'Button': {'on': 'On'}},11,-0.77,6.75,-3.74,-1.07,3.75,-0.90,29.94,3.00,
392,105,188,128,{'Button': {'on': 'On'}},12,-0.80,6.70,-3.45,-1.05,3.85,-0.86,29.94,3.00,
393,105,188,128,{'Button': {'on': 'On'}},13,-0.70,6.79,-3.46,-1.03,3.94,-0.82,29.89,3.00,
394,105,188,128,{'Button': {'on': 'On'}},14,-0.81,7.06,-3.44,-1.00,4.04,-0.78,29.89,3.00,
395,105,188,128,{'Button': {'on': 'On'}},15,-0.85,7.02,-3.38,-0.98,4.13,-0.75,29.85,3.00,
396,105,188,128,{'Button': {'on': 'On'}},16,-0.73,5.83,-2.84,-0.96,4.22,-0.70,29.85,3.00,
397,105,188,128,{'Button': {'on': 'On'}},17,-0.93,6.40,-2.61,-0.89,4.32,-0.67,29.94,3.00,
398,105,188,128,{'Button': {'on': 'On'}},18,-0.74,6.56,-2.60,-0.84,4.37,-0.63,29.89,3.00,
399,105,188,128,{'Button': {'on': 'On'}},19,-0.73,6.56,-2.48,-0.80,4.37,-0.61,29.94,3.00,
400,104,167,105,{'Button': {'on': 'On'}},0,0.11,10.30,-8.43,1.13,-0.56,-0.27,29.94,4.00,
401,104,167,105,{'Button': {'on': 'On'}},1,0.28,10.21,-8.47,0.99,-0.41,-0.23,29.89,3.00,
402,104,167,105,{'Button': {'on': 'On'}},2,0.43,10.16,-8.43,0.88,-0.27,-0.21,29.94,2.00,
403,104,167,105,{'Button': {'on': 'On'}},3,0.48,10.10,-8.26,0.76,-0.14,-0.19,29.89,2.00,
404,104,167,105,{'Button': {'on': 'On'}},4,0.49,10.05,-8.27,0.64,-0.01,-0.17,29.89,3.00,
405,104,167,105,{'Button': {'on': 'On'}},5,0.54,10.17,-8.25,0.51,0.11,-0.15,29.99,3.00,
406,104,167,105,{'Button': {'on': 'On'}},6,0.68,10.14,-8.17,0.40,0.21,-0.14,29.94,3.00,
407,104,167,105,{'Button': {'on': 'On'}},7,0.66,10.15,-8.19,0.27,0.32,-0.14,29.94,3.00,
408,104,167,105,{'Button': {'on': 'On'}},8,0.71,10.08,-8.08,0.16,0.41,-0.13,29.99,3.00,
409,104,167,105,{'Button': {'on': 'On'}},9,0.79,10.08,-7.96,0.04,0.50,-0.13,29.94,3.00,
410,104,167,105,{'Button': {'on': 'On'}},10,0.82,9.97,-7.89,-0.08,0.57,-0.14,29.85,3.00,
411,104,167,105,{'Button': {'on': 'On'}},11,0.85,9.85,-7.74,-0.20,0.66,-0.14,29.94,3.00,
412,104,167,105,{'Button': {'on': 'On'}},12,0.88,9.82,-7.55,-0.30,0.72,-0.15,29.80,3.00,
413,104,167,105,{'Button': {'on': 'On'}},13,0.90,9.71,-7.39,-0.42,0.78,-0.16,29.89,3.00,
414,104,167,105,{'Button': {'on': 'On'}},14,0.95,9.64,-7.35,-0.52,0.83,-0.18,29.94,3.00,
415,104,167,105,{'Button': {'on': 'On'}},15,0.94,9.68,-7.15,-0.62,0.88,-0.20,29.94,3.00,
416,104,167,105,{'Button': {'on': 'On'}},16,1.01,9.72,-7.00,-0.71,0.91,-0.22,29.99,3.00,
417,104,167,105,{'Button': {'on': 'On'}},17,1.03,9.80,-6.80,-0.81,0.94,-0.24,29.89,3.00,
418,104,167,105,{'Button': {'on': 'On'}},18,1.10,10.07,-6.80,-0.89,0.96,-0.27,29.85,2.00,
419,104,167,105,{'Button': {'on': 'On'}},19,1.07,10.34,-6.70,-0.97,0.98,-0.30,29.94,3.00,
420,103,168,107,{'Button': {'on': 'On'}},0,0.13,6.39,-3.39,0.48,-3.76,1.14,29.94,3.00,
421,103,168,107,{'Button': {'on': 'On'}},1,0.12,6.53,-3.56,0.47,-3.76,1.13,29.99,3.00,
422,103,168,107,{'Button': {'on': 'On'}},2,0.17,6.58,-3.82,0.46,-3.77,1.12,29.80,3.00,
423,103,168,107,{'Button': {'on': 'On'}},3,0.17,6.56,-4.03,0.44,-3.78,1.11,29.94,3.00,
424,103,168,107,{'Button': {'on': 'On'}},4,0.13,6.57,-4.22,0.42,-3.78,1.10,29.94,3.00,
425,103,168,107,{'Button': {'on': 'On'}},5,0.18,6.48,-4.24,0.39,-3.79,1.09,29.89,3.00,
426,103,168,107,{'Button': {'on': 'On'}},6,0.18,6.30,-4.29,0.35,-3.80,1.08,29.99,3.00,
427,103,168,107,{'Button': {'on': 'On'}},7,0.17,6.27,-4.47,0.33,-3.80,1.08,29.94,3.00,
428,103,168,107,{'Button': {'on': 'On'}},8,0.07,6.38,-4.78,0.28,-3.78,1.08,29.94,3.00,
429,103,168,107,{'Button': {'on': 'On'}},9,0.09,6.21,-4.67,0.24,-3.77,1.08,29.89,3.00,
430,103,168,107,{'Button': {'on': 'On'}},10,0.10,6.03,-4.79,0.20,-3.74,1.08,29.80,3.00,
431,103,168,107,{'Button': {'on': 'On'}},11,0.04,5.85,-4.72,0.15,-3.73,1.09,29.85,3.00,
432,103,168,107,{'Button': {'on': 'On'}},12,0.15,5.80,-4.75,0.10,-3.70,1.09,29.94,3.00,
433,103,168,107,{'Button': {'on': 'On'}},13,0.29,5.66,-4.86,0.05,-3.69,1.09,29.89,2.00,
434,103,168,107,{'Button': {'on': 'On'}},14,0.23,5.65,-4.77,-0.00,-3.68,1.09,29.85,2.00,
435,103,168,107,{'Button': {'on': 'On'}},15,0.17,5.59,-5.02,-0.06,-3.65,1.10,29.94,3.00,
436,103,168,107,{'Button': {'on': 'On'}},16,0.21,5.60,-5.06,-0.13,-3.62,1.10,29.94,3.00,
437,103,168,107,{'Button': {'on': 'On'}},17,0.26,5.56,-5.23,-0.20,-3.60,1.11,29.89,3.00,
438,103,168,107,{'Button': {'on': 'On'}},18,0.17,5.59,-5.59,-0.28,-3.58,1.12,29.99,3.00,
439,103,168,107,{'Button': {'on': 'On'}},19,0.57,5.49,-5.24,-0.35,-3.56,1.12,29.94,3.00,
440,102,173,113,{'Button': {'on': 'On'}},0,1.55,9.75,-1.48,-0.80,-3.21,0.53,29.89,3.00,
441,102,173,113,{'Button': {'on': 'On'}},1,1.16,10.08,-1.30,-0.71,-3.39,0.45,29.94,3.00,
442,102,173,113,{'Button': {'on': 'On'}},2,0.99,10.13,-1.00,-0.62,-3.54,0.40,29.94,3.00,
443,102,173,113,{'Button': {'on': 'On'}},3,0.93,10.27,-1.54,-0.54,-3.66,0.33,29.89,3.00,
444,102,173,113,{'Button': {'on': 'On'}},4,0.78,10.33,-1.67,-0.46,-3.79,0.28,29.89,3.00,
445,102,173,113,{'Button': {'on': 'On'}},5,0.66,10.44,-1.69,-0.38,-3.89,0.24,29.94,3.00,
446,102,173,113,{'Button': {'on': 'On'}},6,0.42,10.56,-2.01,-0.31,-3.98,0.20,29.80,2.00,
447,102,173,113,{'Button': {'on': 'On'}},7,0.25,10.69,-2.15,-0.23,-4.05,0.18,29.89,3.00,
448,102,173,113,{'Button': {'on': 'On'}},8,-0.07,10.81,-2.52,-0.16,-4.09,0.17,29.85,3.00,
449,102,173,113,{'Button': {'on': 'On'}},9,-0.25,11.00,-3.00,-0.10,-4.10,0.17,30.04,3.00,
450,102,173,113,{'Button': {'on': 'On'}},10,-0.50,11.17,-3.63,-0.05,-4.09,0.19,29.94,3.00,
451,102,173,113,{'Button': {'on': 'On'}},11,-0.96,11.33,-4.27,-0.02,-4.00,0.24,29.99,3.00,
452,102,173,113,{'Button': {'on': 'On'}},12,-0.86,11.36,-4.30,0.00,-3.94,0.28,29.89,3.00,
453,102,173,113,{'Button': {'on': 'On'}},13,-1.11,11.35,-4.62,0.03,-3.85,0.34,29.94,3.00,
454,102,173,113,{'Button': {'on': 'On'}},14,-1.14,11.30,-4.74,0.05,-3.75,0.40,29.94,3.00,
455,102,173,113,{'Button': {'on': 'On'}},15,-1.34,11.29,-5.14,0.06,-3.63,0.47,29.99,3.00,
456,102,173,113,{'Button': {'on': 'On'}},16,-1.29,11.33,-5.21,0.06,-3.50,0.54,29.94,3.00,
457,102,173,113,{'Button': {'on': 'On'}},17,-1.89,11.68,-5.47,0.07,-3.34,0.64,29.85,3.00,
458,102,173,113,{'Button': {'on': 'On'}},18,-1.58,11.63,-5.54,0.07,-3.18,0.73,29.94,3.00,
459,102,173,113,{'Button': {'on': 'On'}},19,-1.91,11.68,-5.77,0.07,-3.01,0.84,29.85,3.00,
460,101,166,105,{'Button': {'on': 'On'}},0,-0.14,8.03,-4.89,0.29,0.01,1.30,29.94,3.00,
461,101,166,105,{'Button': {'on': 'On'}},1,-0.09,7.93,-4.63,0.23,-0.03,1.30,29.80,3.00,
462,101,166,105,{'Button': {'on': 'On'}},2,0.06,7.84,-4.34,0.18,-0.08,1.30,29.89,3.00,
463,101,166,105,{'Button': {'on': 'On'}},3,0.08,7.75,-4.19,0.14,-0.14,1.29,29.94,3.00,
464,101,166,105,{'Button': {'on': 'On'}},4,0.22,7.71,-4.03,0.10,-0.20,1.27,29.85,3.00,
465,101,166,105,{'Button': {'on': 'On'}},5,0.29,7.60,-3.82,0.07,-0.27,1.25,29.99,3.00,
466,101,166,105,{'Button': {'on': 'On'}},6,0.37,7.41,-3.59,0.04,-0.35,1.22,29.94,2.00,
467,101,166,105,{'Button': {'on': 'On'}},7,0.43,7.39,-3.32,0.02,-0.44,1.20,30.04,3.00,
468,101,166,105,{'Button': {'on': 'On'}},8,0.74,7.21,-3.10,-0.00,-0.53,1.16,29.89,3.00,
469,101,166,105,{'Button': {'on': 'On'}},9,0.75,7.15,-2.77,-0.02,-0.65,1.11,29.89,3.00,
470,101,166,105,{'Button': {'on': 'On'}},10,0.70,7.05,-2.62,-0.02,-0.75,1.07,29.85,3.00,
471,101,166,105,{'Button': {'on': 'On'}},11,0.70,7.00,-2.45,-0.01,-0.85,1.03,29.85,3.00,
472,101,166,105,{'Button': {'on': 'On'}},12,0.81,6.90,-2.15,-0.01,-0.98,0.98,29.85,3.00,
473,101,166,105,{'Button': {'on': 'On'}},13,0.67,6.81,-1.97,0.01,-1.09,0.94,29.89,3.00,
474,101,166,105,{'Button': {'on': 'On'}},14,0.92,6.68,-1.91,0.04,-1.20,0.89,29.80,3.00,
475,101,166,105,{'Button': {'on': 'On'}},15,0.87,6.62,-1.47,0.06,-1.32,0.84,29.94,3.00,
476,101,166,105,{'Button': {'on': 'On'}},16,0.96,6.47,-1.13,0.10,-1.44,0.79,29.94,3.00,
477,101,166,105,{'Button': {'on': 'On'}},17,0.89,6.36,-1.16,0.13,-1.55,0.74,29.89,3.00,
478,101,166,105,{'Button': {'on': 'On'}},18,0.92,6.18,-0.95,0.18,-1.67,0.68,29.89,3.00,
479,101,166,105,{'Button': {'on': 'On'}},19,0.96,6.02,-0.30,0.24,-1.78,0.63,29.85,3.00,
